{
    "Age": {
        "min": 10.0,
        "max": 76.0,
        "mean": 41.2374154770849
    },
    "Hemoglobin": {
        "min": 11.202,
        "max": 17.5,
        "mean": 14.530862809917354
    },
    "Neutrophils": {
        "min": 33.0,
        "max": 55.0,
        "mean": 44.72501878287002
    },
    "Lymphocytes": {
        "min": 32.0,
        "max": 56.0,
        "mean": 44.08414725770098
    },
    "Monocytes": {
        "min": 2.0,
        "max": 7.0,
        "mean": 3.1232156273478586
    },
    "Eosinophils": {
        "min": 2.0,
        "max": 7.0,
        "mean": 3.0631104432757326
    },
    "RBC": {
        "min": 4.0,
        "max": 6.0,
        "mean": 4.672426746806912
    },
    "HCT": {
        "min": 38.0,
        "max": 51.98,
        "mean": 45.1185335837716
    },
    "MCV": {
        "min": 80.0,
        "max": 99.9,
        "mean": 89.84605559729528
    },
    "MCH": {
        "min": 26.0,
        "max": 34.0,
        "mean": 29.90392787377911
    },
    "MCHC": {
        "min": 28.09,
        "max": 35.0,
        "mean": 32.16818933132983
    },
    "RDW-CV": {
        "min": 11.0,
        "max": 17.0,
        "mean": 13.454271975957925
    },
    "Total Platelet Count": {
        "min": 68000.0,
        "max": 299803.0,
        "mean": 177395.664162284
    },
    "MPV": {
        "min": 8.0,
        "max": 11.21,
        "mean": 9.572821938392186
    },
    "PDW": {
        "min": 12.14,
        "max": 17.99,
        "mean": 15.376623591284748
    },
    "PCT": {
        "min": 0.007,
        "max": 0.2313,
        "mean": 0.14075604808414724
    },
    "Total WBC count": {
        "min": 3500.0,
        "max": 8000.0,
        "mean": 5433.769346356124
    }
}